id,kind,entity_id,display_name,image_key,seasons,original_path,original_width,original_height,processed_path,processed_width,processed_height,photo_type,confidence,derivative_method,needs_resourcing,visual_review_status,rights_review_status,source_url,photo_note
player:adam-chiles,player,adam-chiles,Adam Chiles,uk_adam_chiles,2001-02,/images/players/original/uk_adam_chiles.webp,420,560,/images/players/processed/uk_adam_chiles.webp,1260,1680,archival-kentucky-portrait,verified-archival,upscaled-and-color-corrected,True,required,required-before-publication,,Upscaled Kentucky-uniform archival headshot.
player:adam-williams,player,adam-williams,Adam Williams,uk_adam_williams,2005-06,/images/players/original/uk_adam_williams.webp,420,560,/images/players/processed/uk_adam_williams.webp,1260,1680,archival-kentucky-portrait,verified-archival,upscaled-and-color-corrected,True,required,required-before-publication,,Upscaled Kentucky-uniform archival headshot.
player:allen-edwards,player,allen-edwards,Allen Edwards,uk_allen_edwards,1997-98,/images/players/original/uk_allen_edwards.webp,420,560,/images/players/processed/uk_allen_edwards.webp,1260,1680,archival-kentucky-portrait,verified-archival,upscaled-and-color-corrected,True,required,required-before-publication,,Upscaled Kentucky-uniform archival headshot.
player:antwain-barbour,player,antwain-barbour,Antwain Barbour,uk_antwain_barbour,2002-03|2003-04,/images/players/original/uk_antwain_barbour.webp,420,560,/images/players/processed/uk_antwain_barbour.webp,1260,1680,enhanced-team-photo-portrait,verified-source-derived-portrait,AI-assisted reconstruction from official team-photo crop; replace when a true headshot is found,True,required,required-before-publication,,Enhanced Kentucky-uniform portrait rebuilt from the official team photograph.
player:bernard-cote,player,bernard-cote,Bernard Cote,uk_bernard_cote,2002-03|2003-04,/images/players/original/uk_bernard_cote.webp,420,560,/images/players/processed/uk_bernard_cote.webp,1260,1680,archival-kentucky-portrait,verified-archival,upscaled-and-color-corrected,True,required,required-before-publication,,Upscaled Kentucky-uniform archival headshot.
player:bobby-perry,player,bobby-perry,Bobby Perry,uk_bobby_perry,2003-04|2004-05|2005-06|2006-07,/images/players/original/uk_bobby_perry.webp,420,560,/images/players/processed/uk_bobby_perry.webp,1260,1680,archival-kentucky-portrait,verified-archival,upscaled-and-color-corrected,True,required,required-before-publication,,Upscaled Kentucky-uniform archival headshot.
player:brandon-stockton,player,brandon-stockton,Brandon Stockton,uk_brandon_stockton,2002-03|2003-04|2004-05|2005-06,/images/players/original/uk_brandon_stockton.webp,420,560,/images/players/processed/uk_brandon_stockton.webp,1260,1680,archival-kentucky-portrait,verified-archival,upscaled-and-color-corrected,True,required,required-before-publication,,Upscaled Kentucky-uniform archival headshot.
player:cameron-mills,player,cameron-mills,Cameron Mills,uk_cameron_mills,1997-98,/images/players/original/uk_cameron_mills.webp,420,560,/images/players/processed/uk_cameron_mills.webp,1260,1680,archival-kentucky-portrait,verified-archival,upscaled-and-color-corrected,True,required,required-before-publication,,Upscaled Kentucky-uniform archival headshot.
player:chuck-hayes,player,chuck-hayes,Chuck Hayes,uk_chuck_hayes,2001-02|2002-03|2003-04|2004-05,/images/players/original/uk_chuck_hayes.webp,420,560,/images/players/processed/uk_chuck_hayes.webp,1260,1680,archival-kentucky-portrait,verified-archival,upscaled-and-color-corrected,True,required,required-before-publication,,Upscaled Kentucky-uniform archival headshot.
player:cliff-hawkins,player,cliff-hawkins,Cliff Hawkins,uk_cliff_hawkins,2000-01|2001-02|2002-03|2003-04,/images/players/original/uk_cliff_hawkins.webp,420,560,/images/players/processed/uk_cliff_hawkins.webp,1260,1680,archival-kentucky-portrait,verified-archival,upscaled-and-color-corrected,True,required,required-before-publication,,Upscaled Kentucky-uniform archival headshot.
player:cory-sears,player,cory-sears,Cory Sears,uk_cory_sears,2000-01|2001-02,/images/players/original/uk_cory_sears.webp,420,560,/images/players/processed/uk_cory_sears.webp,1260,1680,archival-kentucky-portrait,verified-archival,upscaled-and-color-corrected,True,required,required-before-publication,,Upscaled Kentucky-uniform archival headshot.
player:derrick-jasper,player,derrick-jasper,Derrick Jasper,uk_derrick_jasper,2006-07,/images/players/original/uk_derrick_jasper.webp,420,560,/images/players/processed/uk_derrick_jasper.webp,1260,1680,archival-kentucky-portrait,verified-archival,upscaled-and-color-corrected,True,required,required-before-publication,,Upscaled Kentucky-uniform archival headshot.
player:desmond-allison,player,desmond-allison,Desmond Allison,uk_desmond_allison,1998-99|1999-00,/images/players/original/uk_desmond_allison.webp,420,560,/images/players/processed/uk_desmond_allison.webp,1260,1680,archival-kentucky-portrait,verified-archival,upscaled-and-color-corrected,True,required,required-before-publication,,Upscaled Kentucky-uniform archival headshot.
player:dwight-perry,player,dwight-perry,Dwight Perry,uk_dwight_perry,2006-07,/images/players/original/uk_dwight_perry.webp,420,560,/images/players/processed/uk_dwight_perry.webp,1260,1680,archival-kentucky-portrait,verified-archival,upscaled-and-color-corrected,True,required,required-before-publication,,Upscaled Kentucky-uniform archival headshot.
player:eric-allen,player,eric-allen,Eric Allen,uk_eric_allen,2004-05,/images/players/original/uk_eric_allen.webp,420,560,/images/players/processed/uk_eric_allen.webp,1260,1680,labeled-placeholder,placeholder,designed placeholder; replacement required,True,required,required-before-publication,,Enhanced Kentucky-themed archival placeholder; no verified UK-uniform portrait was located.
player:erik-daniels,player,erik-daniels,Erik Daniels,uk_erik_daniels,2000-01|2001-02|2002-03|2003-04,/images/players/original/uk_erik_daniels.webp,420,560,/images/players/processed/uk_erik_daniels.webp,1260,1680,archival-kentucky-portrait,verified-archival,upscaled-and-color-corrected,True,required,required-before-publication,,Upscaled Kentucky-uniform archival headshot.
player:gerald-fitch,player,gerald-fitch,Gerald Fitch,uk_gerald_fitch,2000-01|2001-02|2002-03|2003-04,/images/players/original/uk_gerald_fitch.webp,420,560,/images/players/processed/uk_gerald_fitch.webp,1260,1680,archival-kentucky-portrait,verified-archival,upscaled-and-color-corrected,True,required,required-before-publication,,Upscaled Kentucky-uniform archival headshot.
player:heshimu-evans,player,heshimu-evans,Heshimu Evans,uk_heshimu_evans,1997-98|1998-99,/images/players/original/uk_heshimu_evans.webp,420,560,/images/players/processed/uk_heshimu_evans.webp,1260,1680,archival-kentucky-portrait,verified-archival,upscaled-and-color-corrected,True,required,required-before-publication,,Upscaled Kentucky-uniform archival headshot.
player:jp-blevins,player,jp-blevins,J.P. Blevins,uk_jp_blevins,1998-99|1999-00|2000-01|2001-02,/images/players/original/uk_jp_blevins.webp,420,560,/images/players/processed/uk_jp_blevins.webp,1260,1680,enhanced-team-photo-portrait,verified-source-derived-portrait,AI-assisted reconstruction from official team-photo crop; replace when a true headshot is found,True,required,required-before-publication,,Enhanced Kentucky-uniform portrait rebuilt from the official team photograph.
player:jamaal-magloire,player,jamaal-magloire,Jamaal Magloire,uk_jamaal_magloire,1997-98|1998-99|1999-00,/images/players/original/uk_jamaal_magloire.webp,420,560,/images/players/processed/uk_jamaal_magloire.webp,1260,1680,archival-kentucky-portrait,verified-archival,upscaled-and-color-corrected,True,required,required-before-publication,,Upscaled Kentucky-uniform archival headshot.
player:jared-carter,player,jared-carter,Jared Carter,uk_jared_carter,2005-06|2006-07,/images/players/original/uk_jared_carter.webp,420,560,/images/players/processed/uk_jared_carter.webp,1260,1680,archival-kentucky-portrait,verified-archival,upscaled-and-color-corrected,True,required,required-before-publication,,Upscaled Kentucky-uniform archival headshot.
player:jason-parker,player,jason-parker,Jason Parker,uk_jason_parker,2000-01|2001-02,/images/players/original/uk_jason_parker.webp,420,560,/images/players/processed/uk_jason_parker.webp,1260,1680,archival-kentucky-portrait,verified-archival,upscaled-and-color-corrected,True,required,required-before-publication,,Upscaled Kentucky-uniform archival headshot.
player:jeff-sheppard,player,jeff-sheppard,Jeff Sheppard,uk_jeff_sheppard,1997-98,/images/players/original/uk_jeff_sheppard.webp,420,560,/images/players/processed/uk_jeff_sheppard.webp,1260,1680,archival-kentucky-portrait,verified-archival,upscaled-and-color-corrected,True,required,required-before-publication,,Upscaled Kentucky-uniform archival headshot.
player:jodie-meeks,player,jodie-meeks,Jodie Meeks,uk_jodie_meeks,2006-07,/images/players/original/uk_jodie_meeks.webp,420,560,/images/players/processed/uk_jodie_meeks.webp,1260,1680,archival-kentucky-portrait,verified-archival,upscaled-and-color-corrected,True,required,required-before-publication,,Upscaled Kentucky-uniform archival headshot.
player:joe-crawford,player,joe-crawford,Joe Crawford,uk_joe_crawford,2004-05|2005-06|2006-07,/images/players/original/uk_joe_crawford.webp,420,560,/images/players/processed/uk_joe_crawford.webp,1260,1680,archival-kentucky-portrait,verified-archival,upscaled-and-color-corrected,True,required,required-before-publication,,Upscaled Kentucky-uniform archival headshot.
player:josh-carrier,player,josh-carrier,Josh Carrier,uk_josh_carrier,2001-02|2002-03|2003-04|2004-05,/images/players/original/uk_josh_carrier.webp,420,560,/images/players/processed/uk_josh_carrier.webp,1260,1680,enhanced-team-photo-portrait,verified-source-derived-portrait,AI-assisted reconstruction from official team-photo crop; replace when a true headshot is found,True,required,required-before-publication,,Enhanced Kentucky-uniform portrait rebuilt from the official team photograph.
player:jules-camara,player,jules-camara,Jules Camara,uk_jules_camara,1998-99|1999-00|2001-02|2002-03,/images/players/original/uk_jules_camara.webp,420,560,/images/players/processed/uk_jules_camara.webp,1260,1680,enhanced-team-photo-portrait,verified-source-derived-portrait,AI-assisted reconstruction from official team-photo crop; replace when a true headshot is found,True,required,required-before-publication,,Enhanced Kentucky-uniform portrait rebuilt from the official team photograph.
player:keith-bogans,player,keith-bogans,Keith Bogans,uk_keith_bogans,1999-00|2000-01|2001-02|2002-03,/images/players/original/uk_keith_bogans.webp,420,560,/images/players/processed/uk_keith_bogans.webp,1260,1680,archival-kentucky-portrait,verified-archival,upscaled-and-color-corrected,True,required,required-before-publication,,Upscaled Kentucky-uniform archival headshot.
player:kelenna-azubuike,player,kelenna-azubuike,Kelenna Azubuike,uk_kelenna_azubuike,2002-03|2003-04|2004-05,/images/players/original/uk_kelenna_azubuike.webp,420,560,/images/players/processed/uk_kelenna_azubuike.webp,1260,1680,archival-kentucky-portrait,verified-archival,upscaled-and-color-corrected,True,required,required-before-publication,,Upscaled Kentucky-uniform archival headshot.
player:lukasz-obrzut,player,lukasz-obrzut,Lukasz Obrzut,uk_lukasz_obrzut,2003-04|2004-05|2005-06|2006-07,/images/players/original/uk_lukasz_obrzut.webp,420,560,/images/players/processed/uk_lukasz_obrzut.webp,1260,1680,enhanced-team-photo-portrait,verified-source-derived-portrait,AI-assisted reconstruction from official team-photo crop; replace when a true headshot is found,True,required,required-before-publication,,Enhanced Kentucky-uniform portrait rebuilt from the official team photograph.
player:mark-coury,player,mark-coury,Mark Coury,uk_mark_coury,2006-07,/images/players/original/uk_mark_coury.webp,420,560,/images/players/processed/uk_mark_coury.webp,1260,1680,enhanced-team-photo-portrait,verified-source-derived-portrait,AI-assisted reconstruction from official team-photo crop; replace when a true headshot is found,True,required,required-before-publication,,Enhanced Kentucky-uniform portrait rebuilt from the official team photograph.
player:marquis-estill,player,marquis-estill,Marquis Estill,uk_marquis_estill,1999-00|2000-01|2001-02|2002-03,/images/players/original/uk_marquis_estill.webp,420,560,/images/players/processed/uk_marquis_estill.webp,1260,1680,archival-kentucky-portrait,verified-archival,upscaled-and-color-corrected,True,required,required-before-publication,,Upscaled Kentucky-uniform archival headshot.
player:marvin-stone,player,marvin-stone,Marvin Stone,uk_marvin_stone,1999-00|2000-01|2001-02,/images/players/original/uk_marvin_stone.webp,420,560,/images/players/processed/uk_marvin_stone.webp,1260,1680,archival-kentucky-portrait,verified-archival,upscaled-and-color-corrected,True,required,required-before-publication,,Upscaled Kentucky-uniform archival headshot.
player:matt-heissenbuttel,player,matt-heissenbuttel,Matt Heissenbuttel,uk_matt_heissenbuttel,2000-01|2001-02|2002-03|2003-04,/images/players/original/uk_matt_heissenbuttel.webp,420,560,/images/players/processed/uk_matt_heissenbuttel.webp,1260,1680,enhanced-team-photo-portrait,verified-source-derived-portrait,AI-assisted reconstruction from official team-photo crop; replace when a true headshot is found,True,required,required-before-publication,,Enhanced Kentucky-uniform portrait rebuilt from the official team photograph.
player:michael-bradley,player,michael-bradley,Michael Bradley,uk_michael_bradley,1997-98|1998-99,/images/players/original/uk_michael_bradley.webp,420,560,/images/players/processed/uk_michael_bradley.webp,1260,1680,archival-kentucky-portrait,verified-archival,upscaled-and-color-corrected,True,required,required-before-publication,,Upscaled Kentucky-uniform archival headshot.
player:michael-porter,player,michael-porter,Michael Porter,uk_michael_porter,2006-07,/images/players/original/uk_michael_porter.webp,420,560,/images/players/processed/uk_michael_porter.webp,1260,1680,enhanced-team-photo-portrait,verified-source-derived-portrait,AI-assisted reconstruction from official team-photo crop; replace when a true headshot is found,True,required,required-before-publication,,Enhanced Kentucky-uniform portrait rebuilt from the official team photograph.
player:myron-anthony,player,myron-anthony,Myron Anthony,uk_myron_anthony,1997-98|1998-99,/images/players/original/uk_myron_anthony.webp,420,560,/images/players/processed/uk_myron_anthony.webp,1260,1680,archival-kentucky-portrait,verified-archival,upscaled-and-color-corrected,True,required,required-before-publication,,Upscaled Kentucky-uniform archival headshot.
player:nate-knight,player,nate-knight,Nate Knight,uk_nate_knight,1999-00,/images/players/original/uk_nate_knight.webp,420,560,/images/players/processed/uk_nate_knight.webp,1260,1680,archival-kentucky-portrait,verified-archival,upscaled-and-color-corrected,True,required,required-before-publication,,Upscaled Kentucky-uniform archival headshot.
player:nazr-mohammed,player,nazr-mohammed,Nazr Mohammed,uk_nazr_mohammed,1997-98,/images/players/original/uk_nazr_mohammed.webp,420,560,/images/players/processed/uk_nazr_mohammed.webp,1260,1680,archival-kentucky-portrait,verified-archival,upscaled-and-color-corrected,True,required,required-before-publication,,Upscaled Kentucky-uniform archival headshot.
player:patrick-sparks,player,patrick-sparks,Patrick Sparks,uk_patrick_sparks,2003-04|2004-05|2005-06,/images/players/original/uk_patrick_sparks.webp,420,560,/images/players/processed/uk_patrick_sparks.webp,1260,1680,archival-kentucky-portrait,verified-archival,upscaled-and-color-corrected,True,required,required-before-publication,,Upscaled Kentucky-uniform archival headshot.
player:perry-stevenson,player,perry-stevenson,Perry Stevenson,uk_perry_stevenson,2006-07,/images/players/original/uk_perry_stevenson.webp,420,560,/images/players/processed/uk_perry_stevenson.webp,1260,1680,archival-kentucky-portrait,verified-archival,upscaled-and-color-corrected,True,required,required-before-publication,,Upscaled Kentucky-uniform archival headshot.
player:preston-lemaster,player,preston-lemaster,Preston LeMaster,uk_preston_lemaster,2002-03|2003-04|2004-05|2005-06,/images/players/original/uk_preston_lemaster.webp,420,560,/images/players/processed/uk_preston_lemaster.webp,1260,1680,archival-kentucky-portrait,verified-archival,upscaled-and-color-corrected,True,required,required-before-publication,,Upscaled Kentucky-uniform archival headshot.
player:rajon-rondo,player,rajon-rondo,Rajon Rondo,uk_rajon_rondo,2004-05|2005-06,/images/players/original/uk_rajon_rondo.webp,420,560,/images/players/processed/uk_rajon_rondo.webp,1260,1680,archival-kentucky-portrait,verified-archival,upscaled-and-color-corrected,True,required,required-before-publication,,Upscaled Kentucky-uniform archival headshot.
player:ramel-bradley,player,ramel-bradley,Ramel Bradley,uk_ramel_bradley,2004-05|2005-06|2006-07,/images/players/original/uk_ramel_bradley.webp,420,560,/images/players/processed/uk_ramel_bradley.webp,1260,1680,archival-kentucky-portrait,verified-archival,upscaled-and-color-corrected,True,required,required-before-publication,,Upscaled Kentucky-uniform archival headshot.
player:ramon-harris,player,ramon-harris,Ramon Harris,uk_ramon_harris,2006-07,/images/players/original/uk_ramon_harris.webp,420,560,/images/players/processed/uk_ramon_harris.webp,1260,1680,archival-kentucky-portrait,verified-archival,upscaled-and-color-corrected,True,required,required-before-publication,,Upscaled Kentucky-uniform archival headshot.
player:randolph-morris,player,randolph-morris,Randolph Morris,uk_randolph_morris,2004-05|2005-06|2006-07,/images/players/original/uk_randolph_morris.webp,420,560,/images/players/processed/uk_randolph_morris.webp,1260,1680,archival-kentucky-portrait,verified-archival,upscaled-and-color-corrected,True,required,required-before-publication,,Upscaled Kentucky-uniform archival headshot.
player:rashaad-carruth,player,rashaad-carruth,Rashaad Carruth,uk_rashaad_carruth,2001-02,/images/players/original/uk_rashaad_carruth.webp,420,560,/images/players/processed/uk_rashaad_carruth.webp,1260,1680,enhanced-team-photo-portrait,verified-source-derived-portrait,AI-assisted reconstruction from official team-photo crop; replace when a true headshot is found,True,required,required-before-publication,,Enhanced Kentucky-uniform portrait rebuilt from the official team photograph.
player:ravi-moss,player,ravi-moss,Ravi Moss,uk_ravi_moss,2002-03|2003-04|2004-05|2005-06,/images/players/original/uk_ravi_moss.webp,420,560,/images/players/processed/uk_ravi_moss.webp,1260,1680,archival-kentucky-portrait,verified-archival,upscaled-and-color-corrected,True,required,required-before-publication,,Upscaled Kentucky-uniform archival headshot.
player:rekalin-sims,player,rekalin-sims,Rekalin Sims,uk_rekalin_sims,2005-06,/images/players/original/uk_rekalin_sims.webp,420,560,/images/players/processed/uk_rekalin_sims.webp,1260,1680,archival-kentucky-portrait,verified-archival,upscaled-and-color-corrected,True,required,required-before-publication,,Upscaled Kentucky-uniform archival headshot.
player:ryan-hogan,player,ryan-hogan,Ryan Hogan,uk_ryan_hogan,1997-98|1998-99,/images/players/original/uk_ryan_hogan.webp,420,560,/images/players/processed/uk_ryan_hogan.webp,1260,1680,archival-kentucky-portrait,verified-archival,upscaled-and-color-corrected,True,required,required-before-publication,,Upscaled Kentucky-uniform archival headshot.
player:saul-smith,player,saul-smith,Saul Smith,uk_saul_smith,1997-98|1998-99|1999-00|2000-01,/images/players/original/uk_saul_smith.webp,420,560,/images/players/processed/uk_saul_smith.webp,1260,1680,archival-kentucky-portrait,verified-archival,upscaled-and-color-corrected,True,required,required-before-publication,,Upscaled Kentucky-uniform archival headshot.
player:scott-padgett,player,scott-padgett,Scott Padgett,uk_scott_padgett,1997-98|1998-99,/images/players/original/uk_scott_padgett.webp,420,560,/images/players/processed/uk_scott_padgett.webp,1260,1680,archival-kentucky-portrait,verified-archival,upscaled-and-color-corrected,True,required,required-before-publication,,Upscaled Kentucky-uniform archival headshot.
player:shagari-alleyne,player,shagari-alleyne,Shagari Alleyne,uk_shagari_alleyne,2003-04|2004-05|2005-06,/images/players/original/uk_shagari_alleyne.webp,420,560,/images/players/processed/uk_shagari_alleyne.webp,1260,1680,archival-kentucky-portrait,verified-archival,upscaled-and-color-corrected,True,required,required-before-publication,,Upscaled Kentucky-uniform archival headshot.
player:sheray-thomas,player,sheray-thomas,Sheray Thomas,uk_sheray_thomas,2003-04|2004-05|2005-06|2006-07,/images/players/original/uk_sheray_thomas.webp,420,560,/images/players/processed/uk_sheray_thomas.webp,1260,1680,archival-kentucky-portrait,verified-archival,upscaled-and-color-corrected,True,required,required-before-publication,,Upscaled Kentucky-uniform archival headshot.
player:steve-masiello,player,steve-masiello,Steve Masiello,uk_steve_masiello,1997-98|1998-99|1999-00,/images/players/original/uk_steve_masiello.webp,420,560,/images/players/processed/uk_steve_masiello.webp,1260,1680,archival-kentucky-portrait,verified-archival,upscaled-and-color-corrected,True,required,required-before-publication,,Upscaled Kentucky-uniform archival headshot.
player:tayshaun-prince,player,tayshaun-prince,Tayshaun Prince,uk_tayshaun_prince,1998-99|1999-00|2000-01|2001-02,/images/players/original/uk_tayshaun_prince.webp,420,560,/images/players/processed/uk_tayshaun_prince.webp,1260,1680,archival-kentucky-portrait,verified-archival,upscaled-and-color-corrected,True,required,required-before-publication,,Upscaled Kentucky-uniform archival headshot.
player:todd-tackett,player,todd-tackett,Todd Tackett,uk_todd_tackett,1998-99|1999-00|2000-01,/images/players/original/uk_todd_tackett.webp,420,560,/images/players/processed/uk_todd_tackett.webp,1260,1680,archival-kentucky-portrait,verified-archival,upscaled-and-color-corrected,True,required,required-before-publication,,Upscaled Kentucky-uniform archival headshot.
player:wayne-turner,player,wayne-turner,Wayne Turner,uk_wayne_turner,1997-98|1998-99,/images/players/original/uk_wayne_turner.webp,420,560,/images/players/processed/uk_wayne_turner.webp,1260,1680,archival-kentucky-portrait,verified-archival,upscaled-and-color-corrected,True,required,required-before-publication,,Upscaled Kentucky-uniform archival headshot.
team:1997-98,team,1997-98,1997-98 Kentucky Wildcats team,team_1997_98,1997-98,/images/teams/original/team_1997_98.webp,978,767,/images/teams/processed/team_1997_98.webp,2200,1725,official-team-photo,verified-official-team-photo,upscaled-and-color-corrected,True,required,required-before-publication,https://ukathletics.com/sports/2017/6/22/mens-basketball-media-guides.aspx,Kentucky media-guide team photograph. Verified UK-uniform profile crops for the 1997-98 roster are derived from this image.
team:1998-99,team,1998-99,1998-99 Kentucky Wildcats team,team_1998_99,1998-99,/images/teams/original/team_1998_99.webp,878,383,/images/teams/processed/team_1998_99.webp,2200,959,official-team-photo,verified-official-team-photo,upscaled-and-color-corrected,True,required,required-before-publication,https://ukathletics.com/sports/2017/6/22/mens-basketball-media-guides.aspx,Kentucky media-guide team photograph. Verified UK-uniform profile crops for the 1998-99 roster are derived from this image.
team:1999-00,team,1999-00,1999-00 Kentucky Wildcats team,team_1999_00,1999-00,/images/teams/original/team_1999_00.webp,528,305,/images/teams/processed/team_1999_00.webp,1584,915,official-team-photo,verified-official-team-photo,upscaled-and-color-corrected,True,required,required-before-publication,https://ukathletics.com/sports/2017/6/22/mens-basketball-media-guides.aspx,Kentucky media-guide team photograph. Verified UK-uniform profile crops for the 1999-00 roster are derived from this image.
team:2000-01,team,2000-01,2000-01 Kentucky Wildcats team,team_2000_01,2000-01,/images/teams/original/team_2000_01.webp,978,623,/images/teams/processed/team_2000_01.webp,2200,1401,official-team-photo,verified-official-team-photo,upscaled-and-color-corrected,True,required,required-before-publication,https://ukathletics.com/sports/2017/6/22/mens-basketball-media-guides.aspx,Kentucky media-guide team photograph. Verified UK-uniform profile crops for the 2000-01 roster are derived from this image.
team:2001-02,team,2001-02,2001-02 Kentucky Wildcats team,team_2001_02,2001-02,/images/teams/original/team_2001_02.webp,978,647,/images/teams/processed/team_2001_02.webp,2200,1455,official-team-photo,verified-official-team-photo,upscaled-and-color-corrected,True,required,required-before-publication,https://ukathletics.com/sports/2017/6/22/mens-basketball-media-guides.aspx,Kentucky media-guide team photograph. Verified UK-uniform profile crops for the 2001-02 roster are derived from this image.
team:2002-03,team,2002-03,2002-03 Kentucky Wildcats team,team_2002_03,2002-03,/images/teams/original/team_2002_03.webp,978,659,/images/teams/processed/team_2002_03.webp,2200,1482,official-team-photo,verified-official-team-photo,upscaled-and-color-corrected,True,required,required-before-publication,https://ukathletics.com/sports/2017/6/22/mens-basketball-media-guides.aspx,Kentucky media-guide team photograph. Verified UK-uniform profile crops for the 2002-03 roster are derived from this image.
team:2003-04,team,2003-04,2003-04 Kentucky Wildcats team,team_2003_04,2003-04,/images/teams/original/team_2003_04.webp,978,607,/images/teams/processed/team_2003_04.webp,2200,1365,official-team-photo,verified-official-team-photo,upscaled-and-color-corrected,True,required,required-before-publication,https://ukathletics.com/sports/2017/6/22/mens-basketball-media-guides.aspx,Kentucky media-guide team photograph. Verified UK-uniform profile crops for the 2003-04 roster are derived from this image.
team:2004-05,team,2004-05,2004-05 Kentucky Wildcats team,team_2004_05,2004-05,/images/teams/original/team_2004_05.webp,1002,626,/images/teams/processed/team_2004_05.webp,2200,1374,official-team-photo,verified-official-team-photo,upscaled-and-color-corrected,True,required,required-before-publication,https://ukathletics.com/sports/2017/6/22/mens-basketball-media-guides.aspx,Kentucky media-guide team photograph. Verified UK-uniform profile crops for the 2004-05 roster are derived from this image.
team:2005-06,team,2005-06,2005-06 Kentucky Wildcats team,team_2005_06,2005-06,/images/teams/original/team_2005_06.webp,1002,634,/images/teams/processed/team_2005_06.webp,2200,1392,official-team-photo,verified-official-team-photo,upscaled-and-color-corrected,True,required,required-before-publication,https://ukathletics.com/sports/2017/6/22/mens-basketball-media-guides.aspx,Kentucky media-guide team photograph. Verified UK-uniform profile crops for the 2005-06 roster are derived from this image.
team:2006-07,team,2006-07,2006-07 Kentucky Wildcats team,team_2006_07,2006-07,/images/teams/original/team_2006_07.webp,1500,993,/images/teams/processed/team_2006_07.webp,2550,1688,official-team-photo,verified-official-team-photo,upscaled-and-color-corrected,True,required,required-before-publication,https://ukathletics.com/sports/2017/6/22/mens-basketball-media-guides.aspx,Kentucky media-guide team photograph. Verified UK-uniform profile crops for the 2006-07 roster are derived from this image.
interface:rupp_arena,interface,rupp_arena,Rupp Arena view from Triangle Park,rupp_arena,,/images/interface/original/rupp_arena.jpg,1200,800,/images/interface/processed/rupp_arena.webp,1800,1200,interface-archival,verified-archival,upscaled-and-color-corrected,False,required,required-before-publication,https://commons.wikimedia.org/wiki/File:Rupp_Arena_view_from_Triangle_Park.jpg,Wikimedia Commons archival image.
interface:tubby_smith,interface,tubby_smith,Tubby Smith (2014),tubby_smith,,/images/interface/original/tubby_smith.jpg,1095,1200,/images/interface/processed/tubby_smith.webp,1642,1800,interface-archival,verified-archival,upscaled-and-color-corrected,False,required,required-before-publication,https://commons.wikimedia.org/wiki/File:Tubby_Smith_140507-D-HU462-310_(cropped).jpg,Wikimedia Commons archival portrait.
